{
  "id" : 150,
  "icon" : "https://m-lls.qupaicloud.com/318/p150/packageIcon.png",
  "description" : "星座",
  "isNew" : 1,
  "name" : "星座",
  "level" : 1,
  "preview" : "http://m.api.inner.qupaicloud.com/api/res/preview/318/3/150",
  "sort" : 4,
  "pasterList" : [
    {
	  "id" : 872,
      "fontId" : null,
	  "icon" : "overlay/baiyang/icon.png",
	  "name" : "baiyang",
	  "priority" : 1,
      "url" : "https://m-lls.qupaicloud.com/318/872/baiyang.mat",
      "md5" : "78BFF565D430AD1E35D2C5BF55BD9AF4",
      "preview" : "https://m-lls.qupaicloud.com/318/872/sample.gif",
      "sort" : 1,
      "type" : 2
    },
    {
	  "id" : 873,
      "fontId" : null,
	  "icon" : "overlay/chunv/icon.png",
	  "name" : "chunv",
	  "priority" : 1,
      "url" : "https://m-lls.qupaicloud.com/318/873/chunv.mat",
      "md5" : "F9E15F493F608C030CA6A364823BDD17",
      "preview" : "https://m-lls.qupaicloud.com/318/873/sample.gif",
      "sort" : 2,
      "type" : 2
    },
    {
	  "id" : 874,
      "fontId" : null,
      "icon" : "overlay/jinniu/icon.png",
	  "name" : "jinniu",
	  "priority" : 1,
      "url" : "https://m-lls.qupaicloud.com/318/874/jinniu.mat",
      "md5" : "0CE64AD2356A03A7696858FC1DA65377",
      "preview" : "https://m-lls.qupaicloud.com/318/874/sample.gif",
      "sort" : 3,
      "type" : 2
    },
    {
	  "id" : 875,
      "fontId" : null,
	  "icon" : "overlay/juxie/icon.png",
	  "name" : "juxie",
	  "priority" : 1,
      "url" : "https://m-lls.qupaicloud.com/318/875/juxie.mat",
      "md5" : "834715626059201BD9561A2E65973806",
      "preview" : "https://m-lls.qupaicloud.com/318/875/sample.gif",
      "sort" : 4,
      "type" : 2
    },
    {
	  "id" : 876,
      "fontId" : null,
	  "icon" : "overlay/tianxie/icon.png",
	  "name" : "tianxie",
	  "priority" : 1,
      "url" : "https://m-lls.qupaicloud.com/318/876/tianxie.mat",
      "md5" : "325EA65A49B441493866ABD69B74D4CD",
      "preview" : "https://m-lls.qupaicloud.com/318/876/sample.gif",
      "sort" : 5,
      "type" : 2
    }
  ]
}
